{"train/loss": 0.188, "train/grad_norm": 0.5624589920043945, "train/learning_rate": 3.422331440461335e-12, "train/epoch": 2.0, "train/global_step": 34064, "_timestamp": 1752491283.0931454, "_runtime": 30561.30908346176, "_step": 3440, "eval/loss": 0.2393580824136734, "eval/runtime": 274.5801, "eval/samples_per_second": 3.442, "eval/steps_per_second": 3.442, "train_runtime": 30562.4018, "train_samples_per_second": 1.115, "train_steps_per_second": 1.115, "total_flos": 4.3960838247153664e+17, "train_loss": 0.2569978119846575, "_wandb": {"runtime": 30583}}