{"train/loss": 0.2541, "train/grad_norm": 1.201111912727356, "train/learning_rate": 9.464359143008132e-05, "train/epoch": 0.30237200563644906, "train/global_step": 5150, "_timestamp": 1752465037.172161, "_runtime": 4315.388099193573, "_step": 519, "eval/loss": 0.2888156473636627, "eval/runtime": 274.8196, "eval/samples_per_second": 3.439, "eval/steps_per_second": 3.439}