{"train/loss": 0.2384, "train/grad_norm": 0.7462872266769409, "train/learning_rate": 3.422331440461335e-12, "train/epoch": 2.0, "train/global_step": 34064, "_timestamp": 1752400840.697579, "_runtime": 28824.07459783554, "_step": 3440, "eval/loss": 0.23949627578258514, "eval/runtime": 275.0337, "eval/samples_per_second": 3.436, "eval/steps_per_second": 3.436, "train_runtime": 28825.2349, "train_samples_per_second": 1.182, "train_steps_per_second": 1.182, "total_flos": 4.39608382089855e+17, "train_loss": 0.25704522771054783, "_wandb": {"runtime": 28845}}